{"cameraMode":{"drawMode":0,"name":"Shaded","section":"Shading Mode"},"sceneLighting":true,"audioPlay":false,"sceneViewState":{"m_AlwaysRefresh":false,"showFog":true,"showSkybox":true,"showFlares":true,"showImageEffects":true,"showParticleSystems":true,"showVisualEffectGraphs":true,"m_FxEnabled":true},"in2DMode":false,"pivot":{"x":3.987435817718506,"y":1.6620001792907715,"z":1.6512465476989747},"rotation":{"x":0.22968164086341859,"y":0.17808176577091218,"z":-0.042759332805871966,"w":0.9558786153793335},"size":8.92676067352295,"orthographic":false}