{"cameraMode":{"drawMode":0,"name":"Shaded","section":"Shading Mode"},"sceneLighting":true,"audioPlay":false,"sceneViewState":{"m_AlwaysRefresh":false,"showFog":true,"showSkybox":true,"showFlares":true,"showImageEffects":true,"showParticleSystems":true,"showVisualEffectGraphs":true,"m_FxEnabled":true},"in2DMode":false,"pivot":{"x":16.113962173461915,"y":1.8650517463684083,"z":13.812426567077637},"rotation":{"x":0.005331120919436216,"y":-0.9884697198867798,"z":0.03742917627096176,"w":0.14730097353458405},"size":0.8660253882408142,"orthographic":false}