{"cameraMode":{"drawMode":0,"name":"Shaded","section":"Shading Mode"},"sceneLighting":true,"audioPlay":false,"sceneViewState":{"m_AlwaysRefresh":false,"showFog":true,"showSkybox":true,"showFlares":true,"showImageEffects":true,"showParticleSystems":true,"showVisualEffectGraphs":true,"m_FxEnabled":true},"in2DMode":false,"pivot":{"x":-0.700012743473053,"y":3.233513355255127,"z":4.480764389038086},"rotation":{"x":0.028320543467998506,"y":0.1812777817249298,"z":-0.005256912671029568,"w":0.9830417037010193},"size":0.666608989238739,"orthographic":false}